Case_ID,Date,Time,Police_Station,Specific_Location,Crime_Type,Status
BP-2025-1025,2025-01-04,02:00,Koh-e-Fiza,VIP Road,Vehicle Theft,Chargesheet Filed
BP-2025-1041,2025-01-05,14:00,Arera Colony,10 No. Bus Stop,Vehicle Theft,Registered (Under Investigation)
BP-2025-1011,2025-01-17,10:45,Misrod,Hoshangabad Road Mall Strip,Mobile Snatching,Untraced (Closed)
BP-2025-1049,2025-01-19,11:15,Bairagarh,Railway Station Road,Vehicle Theft,Chargesheet Filed
BP-2025-1118,2025-01-21,13:30,Misrod,Hoshangabad Road Mall Strip,Vehicle Theft,Registered (Under Investigation)
BP-2025-1090,2025-01-22,11:45,TT Nagar,New Market,Vehicle Theft,Registered (Under Investigation)
BP-2025-1007,2025-01-24,21:15,Misrod,Hoshangabad Road Mall Strip,Online Scam / Cyber Fraud Reporting,Registered (Under Investigation)
BP-2025-1104,2025-01-24,01:30,Ashoka Garden,Subhash Nagar,Vehicle Theft,Registered (Under Investigation)
BP-2025-1046,2025-01-27,02:45,Misrod,Hoshangabad Road Mall Strip,Vehicle Theft,Chargesheet Filed
BP-2025-1106,2025-01-27,08:45,Arera Colony,E-7 Sector Market,Shoplifting,Registered (Under Investigation)
BP-2025-1036,2025-01-30,18:00,TT Nagar,New Market,Shoplifting,Untraced (Closed)
BP-2025-1084,2025-02-05,20:00,MP Nagar,Zone-2 Commercial Complex,Mobile Snatching,Registered (Under Investigation)
BP-2025-1026,2025-02-06,16:15,Misrod,Bairagarh Chiku,Mobile Snatching,Untraced (Closed)
BP-2025-1067,2025-02-07,14:45,Koh-e-Fiza,Hospital Road,Pickpocketing,Chargesheet Filed
BP-2025-1073,2025-02-09,22:30,Koh-e-Fiza,Ahmedabad Palace Area,Vehicle Theft,Untraced (Closed)
BP-2025-1074,2025-02-11,04:15,Koh-e-Fiza,Hospital Road,Public Nuisance,Registered (Under Investigation)
BP-2025-1021,2025-02-13,23:45,Arera Colony,10 No. Bus Stop,Shoplifting,Untraced (Closed)
BP-2025-1098,2025-02-17,09:15,Bairagarh,Railway Station Road,Burglary,Untraced (Closed)
BP-2025-1032,2025-02-20,01:00,Arera Colony,10 No. Bus Stop,Shoplifting,Chargesheet Filed
BP-2025-1008,2025-02-21,12:30,Chhola Mandir,Krishi Mandi Area,Mobile Snatching,Chargesheet Filed
BP-2025-1001,2025-02-22,21:00,Bairagarh,Main Cloth Market,Mobile Snatching,Registered (Under Investigation)
BP-2025-1101,2025-03-03,23:15,TT Nagar,New Market,Pickpocketing,Registered (Under Investigation)
BP-2025-1047,2025-03-08,20:30,Ashoka Garden,Subhash Nagar,Shoplifting,Untraced (Closed)
BP-2025-1027,2025-03-09,23:45,Koh-e-Fiza,Hospital Road,Online Scam / Cyber Fraud Reporting,Chargesheet Filed
BP-2025-1044,2025-03-10,08:00,Arera Colony,10 No. Bus Stop,Vehicle Theft,Untraced (Closed)
BP-2025-1014,2025-03-12,16:45,Arera Colony,E-7 Sector Market,Mobile Snatching,Registered (Under Investigation)
BP-2025-1013,2025-03-13,07:30,Bairagarh,Sant Hirdaram Nagar,Burglary,Registered (Under Investigation)
BP-2025-1115,2025-03-18,08:15,Arera Colony,E-7 Sector Market,Vehicle Theft,Untraced (Closed)
BP-2025-1004,2025-03-21,06:30,Arera Colony,E-7 Sector Market,Mobile Snatching,Chargesheet Filed
BP-2025-1112,2025-03-22,00:45,Chhola Mandir,Station Road,Burglary,Registered (Under Investigation)
BP-2025-1022,2025-03-26,08:45,Koh-e-Fiza,Khanugaon,Public Nuisance,Chargesheet Filed
BP-2025-1052,2025-04-01,13:00,Ashoka Garden,Industrial Area Road,Vehicle Theft,Untraced (Closed)
BP-2025-1028,2025-04-08,03:00,Bairagarh,Halalpura Bus Stand,Pickpocketing,Chargesheet Filed
BP-2025-1066,2025-04-12,04:00,MP Nagar,Zone-2 Commercial Complex,Pickpocketing,Untraced (Closed)
BP-2025-1045,2025-04-18,22:30,Koh-e-Fiza,Ahmedabad Palace Area,Vehicle Theft,Chargesheet Filed
BP-2025-1102,2025-04-21,23:45,Misrod,Salaiya Road,Vehicle Theft,Registered (Under Investigation)
BP-2025-1055,2025-04-25,00:15,Bairagarh,Halalpura Bus Stand,Burglary,Registered (Under Investigation)
BP-2025-1024,2025-04-26,02:30,MP Nagar,Zone-2 Commercial Complex,Shoplifting,Registered (Under Investigation)
BP-2025-1113,2025-04-29,09:30,Chhola Mandir,Navbahar Colony,Public Nuisance,Registered (Under Investigation)
BP-2025-1002,2025-04-30,16:00,Koh-e-Fiza,Hospital Road,Mobile Snatching,Chargesheet Filed
BP-2025-1038,2025-05-01,12:00,Koh-e-Fiza,VIP Road,Shoplifting,Registered (Under Investigation)
BP-2025-1068,2025-05-05,04:00,Arera Colony,Link Road No. 3,Mobile Snatching,Registered (Under Investigation)
BP-2025-1072,2025-05-07,20:30,Chhola Mandir,Kazi Camp Road,Burglary,Chargesheet Filed
BP-2025-1030,2025-05-08,06:15,Chhola Mandir,Kazi Camp Road,Pickpocketing,Registered (Under Investigation)
BP-2025-1053,2025-05-08,08:15,Arera Colony,Link Road No. 3,Online Scam / Cyber Fraud Reporting,Registered (Under Investigation)
BP-2025-1083,2025-05-10,02:45,MP Nagar,Zone-1 Market,Pickpocketing,Untraced (Closed)
BP-2025-1018,2025-05-15,16:15,Arera Colony,Bittan Market,Pickpocketing,Registered (Under Investigation)
BP-2025-1040,2025-05-16,12:15,Misrod,Bairagarh Chiku,Burglary,Registered (Under Investigation)
BP-2025-1114,2025-05-16,20:15,Bairagarh,Main Cloth Market,Pickpocketing,Untraced (Closed)
BP-2025-1031,2025-05-23,14:15,Arera Colony,Link Road No. 3,Online Scam / Cyber Fraud Reporting,Untraced (Closed)
BP-2025-1056,2025-05-23,11:45,TT Nagar,New Market,Vehicle Theft,Registered (Under Investigation)
BP-2025-1094,2025-05-23,14:15,Chhola Mandir,Station Road,Burglary,Registered (Under Investigation)
BP-2025-1065,2025-05-26,16:30,Arera Colony,10 No. Bus Stop,Vehicle Theft,Registered (Under Investigation)
BP-2025-1103,2025-06-01,07:30,Ashoka Garden,Industrial Area Road,Burglary,Chargesheet Filed
BP-2025-1063,2025-06-05,09:15,Bairagarh,Halalpura Bus Stand,Pickpocketing,Chargesheet Filed
BP-2025-1108,2025-06-05,02:15,Arera Colony,Link Road No. 3,Shoplifting,Untraced (Closed)
BP-2025-1058,2025-06-10,13:00,Bairagarh,Railway Station Road,Burglary,Registered (Under Investigation)
BP-2025-1012,2025-06-11,06:45,Bairagarh,Sant Hirdaram Nagar,Mobile Snatching,Chargesheet Filed
BP-2025-1060,2025-06-19,19:30,Arera Colony,Bittan Market,Vehicle Theft,Untraced (Closed)
BP-2025-1100,2025-06-19,11:45,Misrod,Salaiya Road,Burglary,Registered (Under Investigation)
BP-2025-1017,2025-06-24,03:30,Bairagarh,Railway Station Road,Pickpocketing,Registered (Under Investigation)
BP-2025-1096,2025-06-24,08:30,MP Nagar,Zone-2 Commercial Complex,Vehicle Theft,Registered (Under Investigation)
BP-2025-1005,2025-06-26,19:30,MP Nagar,Chetak Bridge Crossing,Shoplifting,Registered (Under Investigation)
BP-2025-1042,2025-06-28,02:15,TT Nagar,Platinum Plaza Road,Mobile Snatching,Chargesheet Filed
BP-2025-1009,2025-07-01,06:30,Arera Colony,10 No. Bus Stop,Pickpocketing,Registered (Under Investigation)
BP-2025-1051,2025-07-01,17:45,Ashoka Garden,Prabhat Square,Online Scam / Cyber Fraud Reporting,Registered (Under Investigation)
BP-2025-1020,2025-07-05,09:15,MP Nagar,Zone-2 Commercial Complex,Shoplifting,Registered (Under Investigation)
BP-2025-1050,2025-07-06,01:30,Koh-e-Fiza,Khanugaon,Public Nuisance,Registered (Under Investigation)
BP-2025-1019,2025-07-11,05:00,TT Nagar,Malviya Nagar,Vehicle Theft,Registered (Under Investigation)
BP-2025-1006,2025-07-13,02:30,TT Nagar,Roshanpura Square,Public Nuisance,Registered (Under Investigation)
BP-2025-1062,2025-07-14,21:15,Misrod,Bairagarh Chiku,Shoplifting,Registered (Under Investigation)
BP-2025-1034,2025-07-19,08:45,Misrod,Bairagarh Chiku,Public Nuisance,Untraced (Closed)
BP-2025-1078,2025-07-19,13:15,Chhola Mandir,Kazi Camp Road,Burglary,Chargesheet Filed
BP-2025-1023,2025-07-24,21:30,Chhola Mandir,Station Road,Vehicle Theft,Registered (Under Investigation)
BP-2025-1097,2025-07-28,15:15,Chhola Mandir,Station Road,Pickpocketing,Registered (Under Investigation)
BP-2025-1061,2025-07-29,10:45,Misrod,Surendra Palace,Vehicle Theft,Untraced (Closed)
BP-2025-1039,2025-08-03,21:30,Misrod,Surendra Palace,Vehicle Theft,Registered (Under Investigation)
BP-2025-1091,2025-08-04,15:00,Bairagarh,Halalpura Bus Stand,Public Nuisance,Chargesheet Filed
BP-2025-1048,2025-08-07,17:00,Arera Colony,E-7 Sector Market,Pickpocketing,Untraced (Closed)
BP-2025-1110,2025-08-08,09:00,Arera Colony,10 No. Bus Stop,Pickpocketing,Chargesheet Filed
BP-2025-1093,2025-08-12,23:30,TT Nagar,Roshanpura Square,Online Scam / Cyber Fraud Reporting,Registered (Under Investigation)
BP-2025-1064,2025-08-15,21:15,Chhola Mandir,Kazi Camp Road,Public Nuisance,Registered (Under Investigation)
BP-2025-1082,2025-08-21,10:30,Bairagarh,Halalpura Bus Stand,Online Scam / Cyber Fraud Reporting,Chargesheet Filed
BP-2025-1070,2025-08-22,04:45,TT Nagar,Malviya Nagar,Shoplifting,Untraced (Closed)
BP-2025-1010,2025-08-25,12:30,Koh-e-Fiza,Ahmedabad Palace Area,Burglary,Registered (Under Investigation)
BP-2025-1081,2025-08-25,05:00,Misrod,Bairagarh Chiku,Burglary,Registered (Under Investigation)
BP-2025-1076,2025-08-27,13:00,Koh-e-Fiza,Hospital Road,Pickpocketing,Untraced (Closed)
BP-2025-1016,2025-08-28,16:30,MP Nagar,Zone-1 Market,Vehicle Theft,Untraced (Closed)
BP-2025-1029,2025-08-28,23:00,Arera Colony,E-7 Sector Market,Vehicle Theft,Registered (Under Investigation)
BP-2025-1080,2025-08-28,04:00,Bairagarh,Main Cloth Market,Shoplifting,Registered (Under Investigation)
BP-2025-1054,2025-08-29,07:15,Chhola Mandir,Krishi Mandi Area,Burglary,Registered (Under Investigation)
BP-2025-1033,2025-09-04,06:45,MP Nagar,Zone-2 Commercial Complex,Pickpocketing,Registered (Under Investigation)
BP-2025-1079,2025-09-06,00:45,TT Nagar,Malviya Nagar,Public Nuisance,Registered (Under Investigation)
BP-2025-1095,2025-09-11,10:15,Chhola Mandir,Kazi Camp Road,Burglary,Chargesheet Filed
BP-2025-1071,2025-09-16,13:45,Ashoka Garden,Subhash Nagar,Pickpocketing,Chargesheet Filed
BP-2025-1037,2025-09-29,05:00,Arera Colony,10 No. Bus Stop,Mobile Snatching,Untraced (Closed)
BP-2025-1043,2025-10-06,22:30,MP Nagar,Jyoti Cineplex Road,Public Nuisance,Registered (Under Investigation)
BP-2025-1035,2025-10-12,21:45,Ashoka Garden,Prabhat Square,Burglary,Registered (Under Investigation)
BP-2025-1086,2025-10-16,06:45,Misrod,Salaiya Road,Mobile Snatching,Untraced (Closed)
BP-2025-1116,2025-10-19,09:45,Arera Colony,Link Road No. 3,Public Nuisance,Chargesheet Filed
BP-2025-1105,2025-10-21,09:45,Chhola Mandir,Station Road,Burglary,Registered (Under Investigation)
BP-2025-1088,2025-10-22,21:45,Bairagarh,Railway Station Road,Vehicle Theft,Untraced (Closed)
BP-2025-1107,2025-10-23,20:00,Ashoka Garden,Prabhat Square,Online Scam / Cyber Fraud Reporting,Untraced (Closed)
BP-2025-1057,2025-10-25,08:00,Arera Colony,Link Road No. 3,Burglary,Untraced (Closed)
BP-2025-1099,2025-10-25,11:45,TT Nagar,Malviya Nagar,Public Nuisance,Untraced (Closed)
BP-2025-1003,2025-10-29,08:00,Ashoka Garden,Subhash Nagar,Burglary,Chargesheet Filed
BP-2025-1087,2025-11-07,23:00,Ashoka Garden,Industrial Area Road,Burglary,Chargesheet Filed
BP-2025-1109,2025-11-13,07:45,Chhola Mandir,Station Road,Burglary,Untraced (Closed)
BP-2025-1085,2025-11-15,04:15,Ashoka Garden,Subhash Nagar,Public Nuisance,Registered (Under Investigation)
BP-2025-1015,2025-11-18,05:45,Arera Colony,Link Road No. 3,Pickpocketing,Untraced (Closed)
BP-2025-1000,2025-11-24,03:00,Misrod,Surendra Palace,Burglary,Untraced (Closed)
BP-2025-1111,2025-12-05,02:15,Koh-e-Fiza,Khanugaon,Shoplifting,Registered (Under Investigation)
BP-2025-1119,2025-12-12,18:00,Misrod,Hoshangabad Road Mall Strip,Online Scam / Cyber Fraud Reporting,Registered (Under Investigation)
BP-2025-1089,2025-12-20,20:15,Arera Colony,Bittan Market,Mobile Snatching,Untraced (Closed)
BP-2025-1069,2025-12-23,16:45,MP Nagar,Zone-2 Commercial Complex,Online Scam / Cyber Fraud Reporting,Registered (Under Investigation)
BP-2025-1077,2025-12-23,00:45,Chhola Mandir,Navbahar Colony,Burglary,Chargesheet Filed
BP-2025-1117,2025-12-25,12:30,Chhola Mandir,Station Road,Vehicle Theft,Untraced (Closed)
BP-2025-1075,2025-12-28,06:00,Bairagarh,Sant Hirdaram Nagar,Burglary,Untraced (Closed)
BP-2025-1059,2025-12-29,13:00,Koh-e-Fiza,Ahmedabad Palace Area,Burglary,Untraced (Closed)
BP-2025-1092,2025-12-29,04:45,Ashoka Garden,Industrial Area Road,Vehicle Theft,Chargesheet Filed

NEWS-DE-2024-1001,2024-02-09,23:38,Unreported (Local News Portal),Dewas Central Zone,Pickpocketing,Reported in News
NEWS-DE-2024-1002,2024-10-14,12:03,Unreported (Local News Portal),Dewas Central Zone,Public Nuisance,Reported in News
NEWS-BH-2024-1003,2024-02-13,13:13,Unreported (Patrika News),Bhopal Central Zone,Mobile Snatching,Reported in News
NEWS-BH-2025-1004,2025-12-07,15:19,Unreported (Local News Portal),Bhopal Central Zone,Harassment,Reported in News
NEWS-DE-2025-1005,2025-07-10,12:25,Unreported (Times of India),Dewas Central Zone,Robbery,Reported in News
NEWS-DE-2023-1006,2023-12-12,11:17,Unreported (Times of India),Dewas Central Zone,Pickpocketing,Reported in News
NEWS-DE-2025-1007,2025-10-27,13:29,Unreported (Patrika News),Dewas Central Zone,Pickpocketing,Reported in News
NEWS-DE-2025-1008,2025-02-22,05:14,Unreported (Patrika News),Dewas Central Zone,Mobile Snatching,Reported in News
NEWS-IN-2024-1009,2024-04-18,10:14,Unreported (Dainik Bhaskar Report),Indore Central Zone,Assault,Reported in News
NEWS-BH-2024-1010,2024-10-22,04:56,Unreported (Dainik Bhaskar Report),Bhopal Central Zone,Robbery,Reported in News
NEWS-IN-2025-1011,2025-04-28,05:52,Unreported (Local News Portal),Indore Central Zone,Mobile Snatching,Reported in News
NEWS-DE-2024-1012,2024-05-01,20:59,Unreported (Patrika News),Dewas Central Zone,Robbery,Reported in News
NEWS-BH-2024-1013,2024-08-22,00:33,Unreported (Local News Portal),Bhopal Central Zone,Mobile Snatching,Reported in News
NEWS-IN-2025-1014,2025-04-12,23:23,Unreported (Patrika News),Indore Central Zone,Robbery,Reported in News
NEWS-DE-2024-1015,2024-06-05,19:23,Unreported (Dainik Bhaskar Report),Dewas Central Zone,Robbery,Reported in News
NEWS-DE-2025-1016,2025-12-04,07:17,Unreported (Patrika News),Dewas Central Zone,Robbery,Reported in News
NEWS-DE-2023-1017,2023-11-22,21:18,Unreported (Dainik Bhaskar Report),Dewas Central Zone,Public Nuisance,Reported in News
NEWS-DE-2025-1018,2025-08-06,06:48,Unreported (Local News Portal),Dewas Central Zone,Robbery,Reported in News
NEWS-BH-2024-1019,2024-12-16,02:07,Unreported (Times of India),Bhopal Central Zone,Public Nuisance,Reported in News
NEWS-BH-2023-1020,2023-07-23,20:34,Unreported (Patrika News),Bhopal Central Zone,Robbery,Reported in News
NEWS-DE-2024-1021,2024-05-13,09:16,Unreported (Dainik Bhaskar Report),Dewas Central Zone,Public Nuisance,Reported in News
NEWS-BH-2024-1022,2024-06-01,23:51,Unreported (Dainik Bhaskar Report),Bhopal Central Zone,Assault,Reported in News
NEWS-DE-2023-1023,2023-03-20,09:17,Unreported (Dainik Bhaskar Report),Dewas Central Zone,Mobile Snatching,Reported in News
NEWS-IN-2025-1024,2025-11-08,16:08,Unreported (Local News Portal),Indore Central Zone,Assault,Reported in News
NEWS-BH-2023-1025,2023-08-18,01:40,Unreported (Times of India),Bhopal Central Zone,Harassment,Reported in News
NEWS-DE-2025-1026,2025-05-17,04:09,Unreported (Times of India),Dewas Central Zone,Mobile Snatching,Reported in News
NEWS-BH-2023-1027,2023-02-09,10:58,Unreported (Dainik Bhaskar Report),Bhopal Central Zone,Harassment,Reported in News
NEWS-IN-2023-1028,2023-03-16,15:32,Unreported (Dainik Bhaskar Report),Indore Central Zone,Robbery,Reported in News
NEWS-BH-2023-1029,2023-02-01,20:41,Unreported (Times of India),Bhopal Central Zone,Harassment,Reported in News
NEWS-DE-2024-1030,2024-01-16,05:00,Unreported (Times of India),Dewas Central Zone,Mobile Snatching,Reported in News
NEWS-BH-2024-1031,2024-05-03,07:49,Unreported (Times of India),Bhopal Central Zone,Pickpocketing,Reported in News
NEWS-BH-2024-1032,2024-02-17,21:59,Unreported (Twitter Verified Report),Bhopal Central Zone,Harassment,Reported in News
NEWS-DE-2023-1033,2023-08-22,19:29,Unreported (Times of India),Dewas Central Zone,Harassment,Reported in News
NEWS-DE-2023-1034,2023-12-26,20:01,Unreported (Patrika News),Dewas Central Zone,Pickpocketing,Reported in News
NEWS-BH-2023-1035,2023-04-24,15:42,Unreported (Local News Portal),Bhopal Central Zone,Harassment,Reported in News
NEWS-BH-2023-1036,2023-03-12,11:51,Unreported (Local News Portal),Bhopal Central Zone,Assault,Reported in News
NEWS-BH-2023-1037,2023-10-06,13:52,Unreported (Patrika News),Bhopal Central Zone,Robbery,Reported in News
NEWS-DE-2024-1038,2024-06-16,07:31,Unreported (Twitter Verified Report),Dewas Central Zone,Mobile Snatching,Reported in News
NEWS-BH-2024-1039,2024-09-09,19:01,Unreported (Dainik Bhaskar Report),Bhopal Central Zone,Assault,Reported in News
NEWS-IN-2025-1040,2025-01-14,16:50,Unreported (Patrika News),Indore Central Zone,Mobile Snatching,Reported in News
NEWS-DE-2024-1041,2024-09-13,02:57,Unreported (Patrika News),Dewas Central Zone,Public Nuisance,Reported in News
NEWS-IN-2025-1042,2025-01-22,17:27,Unreported (Dainik Bhaskar Report),Indore Central Zone,Mobile Snatching,Reported in News
NEWS-IN-2024-1043,2024-01-23,12:43,Unreported (Twitter Verified Report),Indore Central Zone,Mobile Snatching,Reported in News
NEWS-BH-2024-1044,2024-04-04,09:17,Unreported (Patrika News),Bhopal Central Zone,Pickpocketing,Reported in News
NEWS-DE-2023-1045,2023-05-18,21:30,Unreported (Local News Portal),Dewas Central Zone,Robbery,Reported in News
NEWS-IN-2023-1046,2023-03-05,18:07,Unreported (Patrika News),Indore Central Zone,Robbery,Reported in News
NEWS-IN-2024-1047,2024-06-11,20:25,Unreported (Patrika News),Indore Central Zone,Robbery,Reported in News
NEWS-BH-2023-1048,2023-01-21,12:23,Unreported (Times of India),Bhopal Central Zone,Pickpocketing,Reported in News
NEWS-DE-2024-1049,2024-10-05,20:03,Unreported (Patrika News),Dewas Central Zone,Robbery,Reported in News
NEWS-IN-2025-1050,2025-10-25,00:51,Unreported (Local News Portal),Indore Central Zone,Harassment,Reported in News
NEWS-BH-2024-1051,2024-01-03,05:55,Unreported (Local News Portal),Bhopal Central Zone,Public Nuisance,Reported in News
NEWS-IN-2023-1052,2023-12-04,21:57,Unreported (Twitter Verified Report),Indore Central Zone,Harassment,Reported in News
NEWS-IN-2023-1053,2023-11-05,12:45,Unreported (Times of India),Indore Central Zone,Public Nuisance,Reported in News
NEWS-IN-2024-1054,2024-05-05,21:01,Unreported (Dainik Bhaskar Report),Indore Central Zone,Harassment,Reported in News
NEWS-DE-2023-1055,2023-10-01,09:25,Unreported (Twitter Verified Report),Dewas Central Zone,Pickpocketing,Reported in News
NEWS-DE-2024-1056,2024-01-11,15:30,Unreported (Twitter Verified Report),Dewas Central Zone,Pickpocketing,Reported in News
NEWS-DE-2023-1057,2023-10-27,17:42,Unreported (Times of India),Dewas Central Zone,Robbery,Reported in News
NEWS-IN-2023-1058,2023-04-07,15:10,Unreported (Times of India),Indore Central Zone,Harassment,Reported in News
NEWS-IN-2023-1059,2023-07-24,02:40,Unreported (Patrika News),Indore Central Zone,Assault,Reported in News
NEWS-DE-2025-1060,2025-03-06,08:34,Unreported (Times of India),Dewas Central Zone,Robbery,Reported in News
NEWS-BH-2023-1061,2023-01-07,09:55,Unreported (Twitter Verified Report),Bhopal Central Zone,Harassment,Reported in News
NEWS-DE-2025-1062,2025-05-24,10:10,Unreported (Patrika News),Dewas Central Zone,Harassment,Reported in News
NEWS-DE-2025-1063,2025-03-14,19:51,Unreported (Twitter Verified Report),Dewas Central Zone,Mobile Snatching,Reported in News
NEWS-DE-2024-1064,2024-03-22,20:10,Unreported (Patrika News),Dewas Central Zone,Harassment,Reported in News
NEWS-IN-2023-1065,2023-01-11,06:08,Unreported (Local News Portal),Indore Central Zone,Pickpocketing,Reported in News
NEWS-IN-2025-1066,2025-09-27,03:26,Unreported (Times of India),Indore Central Zone,Robbery,Reported in News
NEWS-DE-2024-1067,2024-12-17,11:30,Unreported (Dainik Bhaskar Report),Dewas Central Zone,Pickpocketing,Reported in News
NEWS-IN-2025-1068,2025-05-25,21:03,Unreported (Patrika News),Indore Central Zone,Public Nuisance,Reported in News
NEWS-DE-2025-1069,2025-09-12,18:31,Unreported (Local News Portal),Dewas Central Zone,Pickpocketing,Reported in News
NEWS-BH-2024-1070,2024-04-11,00:39,Unreported (Patrika News),Bhopal Central Zone,Public Nuisance,Reported in News
NEWS-BH-2024-1071,2024-12-19,23:31,Unreported (Dainik Bhaskar Report),Bhopal Central Zone,Public Nuisance,Reported in News
NEWS-BH-2023-1072,2023-11-03,02:11,Unreported (Local News Portal),Bhopal Central Zone,Pickpocketing,Reported in News
NEWS-DE-2024-1073,2024-08-06,17:38,Unreported (Patrika News),Dewas Central Zone,Public Nuisance,Reported in News
NEWS-IN-2023-1074,2023-05-25,05:52,Unreported (Twitter Verified Report),Indore Central Zone,Pickpocketing,Reported in News
NEWS-BH-2024-1075,2024-07-25,15:53,Unreported (Patrika News),Bhopal Central Zone,Assault,Reported in News
NEWS-BH-2025-1076,2025-10-16,18:09,Unreported (Local News Portal),Bhopal Central Zone,Robbery,Reported in News
NEWS-DE-2024-1077,2024-01-28,18:36,Unreported (Times of India),Dewas Central Zone,Robbery,Reported in News
NEWS-IN-2023-1078,2023-04-13,23:34,Unreported (Twitter Verified Report),Indore Central Zone,Assault,Reported in News
NEWS-DE-2025-1079,2025-04-04,16:13,Unreported (Local News Portal),Dewas Central Zone,Public Nuisance,Reported in News
NEWS-IN-2024-1080,2024-04-14,08:29,Unreported (Dainik Bhaskar Report),Indore Central Zone,Mobile Snatching,Reported in News
NEWS-BH-2025-1081,2025-07-28,06:34,Unreported (Local News Portal),Bhopal Central Zone,Public Nuisance,Reported in News
NEWS-DE-2025-1082,2025-10-26,22:29,Unreported (Dainik Bhaskar Report),Dewas Central Zone,Mobile Snatching,Reported in News
NEWS-DE-2023-1083,2023-02-11,19:21,Unreported (Dainik Bhaskar Report),Dewas Central Zone,Pickpocketing,Reported in News
NEWS-DE-2025-1084,2025-06-25,01:46,Unreported (Dainik Bhaskar Report),Dewas Central Zone,Robbery,Reported in News
NEWS-DE-2025-1085,2025-01-02,11:45,Unreported (Times of India),Dewas Central Zone,Assault,Reported in News
NEWS-DE-2025-1086,2025-12-11,19:50,Unreported (Dainik Bhaskar Report),Dewas Central Zone,Public Nuisance,Reported in News
NEWS-IN-2025-1087,2025-11-22,09:48,Unreported (Patrika News),Indore Central Zone,Harassment,Reported in News
NEWS-BH-2024-1088,2024-04-15,23:26,Unreported (Times of India),Bhopal Central Zone,Pickpocketing,Reported in News
NEWS-BH-2024-1089,2024-09-13,00:45,Unreported (Patrika News),Bhopal Central Zone,Harassment,Reported in News
NEWS-BH-2024-1090,2024-03-03,15:39,Unreported (Dainik Bhaskar Report),Bhopal Central Zone,Pickpocketing,Reported in News
NEWS-BH-2025-1091,2025-04-20,02:17,Unreported (Local News Portal),Bhopal Central Zone,Public Nuisance,Reported in News
NEWS-IN-2023-1092,2023-01-22,02:56,Unreported (Twitter Verified Report),Indore Central Zone,Public Nuisance,Reported in News
NEWS-DE-2023-1093,2023-05-11,03:17,Unreported (Times of India),Dewas Central Zone,Mobile Snatching,Reported in News
NEWS-DE-2023-1094,2023-02-24,08:25,Unreported (Local News Portal),Dewas Central Zone,Harassment,Reported in News
NEWS-BH-2024-1095,2024-05-24,07:02,Unreported (Local News Portal),Bhopal Central Zone,Harassment,Reported in News
NEWS-BH-2024-1096,2024-02-28,16:11,Unreported (Times of India),Bhopal Central Zone,Public Nuisance,Reported in News
NEWS-IN-2024-1097,2024-09-04,02:00,Unreported (Dainik Bhaskar Report),Indore Central Zone,Mobile Snatching,Reported in News
NEWS-IN-2023-1098,2023-09-05,14:54,Unreported (Dainik Bhaskar Report),Indore Central Zone,Harassment,Reported in News
NEWS-IN-2024-1099,2024-09-14,16:57,Unreported (Dainik Bhaskar Report),Indore Central Zone,Robbery,Reported in News
NEWS-IN-2025-1100,2025-12-21,18:15,Unreported (Local News Portal),Indore Central Zone,Robbery,Reported in News
NEWS-BH-2025-1101,2025-07-04,08:52,Unreported (Dainik Bhaskar Report),Bhopal Central Zone,Pickpocketing,Reported in News
NEWS-DE-2023-1102,2023-05-02,16:47,Unreported (Dainik Bhaskar Report),Dewas Central Zone,Mobile Snatching,Reported in News
NEWS-IN-2023-1103,2023-08-15,07:57,Unreported (Local News Portal),Indore Central Zone,Harassment,Reported in News
NEWS-BH-2025-1104,2025-09-28,09:03,Unreported (Patrika News),Bhopal Central Zone,Pickpocketing,Reported in News
NEWS-BH-2025-1105,2025-06-11,19:55,Unreported (Dainik Bhaskar Report),Bhopal Central Zone,Assault,Reported in News
NEWS-DE-2025-1106,2025-10-08,00:51,Unreported (Local News Portal),Dewas Central Zone,Harassment,Reported in News
NEWS-DE-2023-1107,2023-10-13,19:11,Unreported (Local News Portal),Dewas Central Zone,Mobile Snatching,Reported in News
NEWS-IN-2023-1108,2023-04-22,18:35,Unreported (Dainik Bhaskar Report),Indore Central Zone,Mobile Snatching,Reported in News
NEWS-BH-2024-1109,2024-07-18,15:20,Unreported (Patrika News),Bhopal Central Zone,Robbery,Reported in News
NEWS-DE-2024-1110,2024-12-22,17:19,Unreported (Twitter Verified Report),Dewas Central Zone,Robbery,Reported in News
NEWS-BH-2024-1111,2024-07-28,19:52,Unreported (Twitter Verified Report),Bhopal Central Zone,Mobile Snatching,Reported in News
NEWS-BH-2023-1112,2023-02-25,12:31,Unreported (Patrika News),Bhopal Central Zone,Pickpocketing,Reported in News
NEWS-DE-2024-1113,2024-02-15,04:25,Unreported (Patrika News),Dewas Central Zone,Assault,Reported in News
NEWS-BH-2024-1114,2024-02-19,18:25,Unreported (Local News Portal),Bhopal Central Zone,Public Nuisance,Reported in News
NEWS-BH-2024-1115,2024-12-10,05:31,Unreported (Local News Portal),Bhopal Central Zone,Robbery,Reported in News
NEWS-BH-2023-1116,2023-11-26,22:32,Unreported (Local News Portal),Bhopal Central Zone,Harassment,Reported in News
NEWS-DE-2024-1117,2024-11-06,16:39,Unreported (Dainik Bhaskar Report),Dewas Central Zone,Harassment,Reported in News
NEWS-BH-2024-1118,2024-07-05,18:02,Unreported (Dainik Bhaskar Report),Bhopal Central Zone,Robbery,Reported in News
NEWS-IN-2025-1119,2025-01-19,12:46,Unreported (Local News Portal),Indore Central Zone,Mobile Snatching,Reported in News
NEWS-BH-2025-1120,2025-05-15,04:20,Unreported (Local News Portal),Bhopal Central Zone,Mobile Snatching,Reported in News
NEWS-BH-2025-1121,2025-08-12,02:23,Unreported (Patrika News),Bhopal Central Zone,Mobile Snatching,Reported in News
NEWS-DE-2025-1122,2025-09-17,21:02,Unreported (Twitter Verified Report),Dewas Central Zone,Mobile Snatching,Reported in News
NEWS-BH-2023-1123,2023-04-21,19:26,Unreported (Twitter Verified Report),Bhopal Central Zone,Pickpocketing,Reported in News
NEWS-DE-2023-1124,2023-10-23,13:53,Unreported (Twitter Verified Report),Dewas Central Zone,Robbery,Reported in News
NEWS-DE-2023-1125,2023-03-20,21:30,Unreported (Local News Portal),Dewas Central Zone,Mobile Snatching,Reported in News
NEWS-DE-2023-1126,2023-06-11,22:21,Unreported (Times of India),Dewas Central Zone,Public Nuisance,Reported in News
NEWS-IN-2023-1127,2023-11-12,19:08,Unreported (Dainik Bhaskar Report),Indore Central Zone,Robbery,Reported in News
NEWS-IN-2025-1128,2025-05-03,21:57,Unreported (Dainik Bhaskar Report),Indore Central Zone,Public Nuisance,Reported in News
NEWS-BH-2023-1129,2023-07-28,03:08,Unreported (Dainik Bhaskar Report),Bhopal Central Zone,Harassment,Reported in News
NEWS-IN-2024-1130,2024-05-02,20:54,Unreported (Twitter Verified Report),Indore Central Zone,Assault,Reported in News
NEWS-DE-2025-1131,2025-05-24,01:40,Unreported (Dainik Bhaskar Report),Dewas Central Zone,Robbery,Reported in News
NEWS-IN-2023-1132,2023-05-20,16:51,Unreported (Dainik Bhaskar Report),Indore Central Zone,Assault,Reported in News
NEWS-BH-2023-1133,2023-11-24,06:37,Unreported (Patrika News),Bhopal Central Zone,Harassment,Reported in News
NEWS-IN-2025-1134,2025-09-06,11:50,Unreported (Patrika News),Indore Central Zone,Pickpocketing,Reported in News
NEWS-BH-2023-1135,2023-02-13,04:51,Unreported (Local News Portal),Bhopal Central Zone,Mobile Snatching,Reported in News
NEWS-DE-2025-1136,2025-07-05,12:34,Unreported (Twitter Verified Report),Dewas Central Zone,Pickpocketing,Reported in News
NEWS-DE-2023-1137,2023-04-09,06:37,Unreported (Patrika News),Dewas Central Zone,Robbery,Reported in News
NEWS-IN-2025-1138,2025-12-14,03:57,Unreported (Dainik Bhaskar Report),Indore Central Zone,Pickpocketing,Reported in News
NEWS-DE-2023-1139,2023-05-19,15:16,Unreported (Patrika News),Dewas Central Zone,Assault,Reported in News
NEWS-DE-2025-1140,2025-09-17,21:14,Unreported (Dainik Bhaskar Report),Dewas Central Zone,Public Nuisance,Reported in News
NEWS-DE-2023-1141,2023-08-02,15:24,Unreported (Patrika News),Dewas Central Zone,Harassment,Reported in News
NEWS-BH-2025-1142,2025-10-07,16:37,Unreported (Twitter Verified Report),Bhopal Central Zone,Harassment,Reported in News
NEWS-BH-2025-1143,2025-01-14,10:25,Unreported (Times of India),Bhopal Central Zone,Pickpocketing,Reported in News
NEWS-BH-2024-1144,2024-06-01,21:02,Unreported (Local News Portal),Bhopal Central Zone,Pickpocketing,Reported in News
NEWS-DE-2023-1145,2023-11-08,03:41,Unreported (Twitter Verified Report),Dewas Central Zone,Robbery,Reported in News
NEWS-BH-2023-1146,2023-04-13,19:37,Unreported (Patrika News),Bhopal Central Zone,Pickpocketing,Reported in News
NEWS-IN-2023-1147,2023-06-08,14:22,Unreported (Local News Portal),Indore Central Zone,Public Nuisance,Reported in News
NEWS-IN-2024-1148,2024-10-16,22:36,Unreported (Times of India),Indore Central Zone,Harassment,Reported in News
NEWS-BH-2023-1149,2023-12-05,20:06,Unreported (Local News Portal),Bhopal Central Zone,Public Nuisance,Reported in News
NEWS-DE-2024-1150,2024-09-11,02:01,Unreported (Times of India),Dewas Central Zone,Public Nuisance,Reported in News